feature,importance
max_speed,0.26470811508452163
distance_km,0.21525494100405065
avg_speed_kmph,0.21368715506541938
trip_duration,0.13600299690733833
throttle_position,0.11490119159919526
engine_load,0.055445600339474606
