Model,Accuracy,Precision,Recall,F1 Score
Random Forest,100.0,100.0,100.0,100.0
Gradient Boosting,100.0,100.0,100.0,100.0
Decision Tree,99.03381642512076,99.29078014184397,96.38588665866071,97.74026972321558
k-Nearest Neighbors,95.89371980676329,90.05245230405393,87.2376311844078,88.5133403899888
MLP Neural Network,91.78743961352657,91.03256675412872,82.31332095146456,85.58869845455212
SVM (RBF Kernel),85.02415458937197,84.39634439634439,65.74424230670735,67.77954299641921
Logistic Regression,82.3671497584541,69.57289182640075,63.84342032963618,64.97805069305251
