Feature,Baseline_Importance,Optimized_Importance
avg_speed_kmph,0.2748105424850536,0.2577273847767148
max_speed,0.2536240471937201,0.2431374282809955
distance_km,0.18294580633812746,0.18491585260225618
trip_duration,0.14478130208350298,0.15737754488606814
throttle_position,0.10403903169960328,0.11059501531743654
engine_load,0.03979927019999253,0.04624677413652879
