feature,importance
max_speed,0.2611920288206018
avg_speed_kmph,0.2249146427709544
distance_km,0.21182709412179113
trip_duration,0.12705098876318152
throttle_position,0.11846396693721378
engine_load,0.05655127858625749
